,tweet_id,text,favorite_count,retweet_count,created_at
0,1056647627062661121,"RT @RalstonReports: The turnout models are looking better for Democrats in Nevada as they boost their statewide lead a bit, but long way to‚Ä¶",0,15,Sun Oct 28 20:43:20 +0000 2018
1,1056647041093373952,[Cheat Sheet] Python Basics For Data Science https://t.co/fH07ZFF9zw,2,1,Sun Oct 28 20:41:00 +0000 2018
2,1056640802401615872,"RT @Popehat: NYT:  Well, Okay, But Are People Mean To Trump?
Everyone: Can you not
NYT:  Jazz: What If Black People Got Involved In Jazz
Ev‚Ä¶",0,620,Sun Oct 28 20:16:13 +0000 2018
3,1056639940438544384,https://t.co/txeJ3g9IMW,1,1,Sun Oct 28 20:12:47 +0000 2018
4,1056638994203729922,IBM and NVIDIA collaborate to expand machine learning tools for data scientists. Learn how:  https://t.co/nslIPVLGOD #ODSC #ODSCWest,3,1,Sun Oct 28 20:09:02 +0000 2018
5,1056637432886571008,"Argyle only smiles when you vote üê∂

@darth https://t.co/SfJv4VKHRh",18,2,Sun Oct 28 20:02:50 +0000 2018
6,1056636949472133122,Simple Proof of the Prime Number Theorem https://t.co/Iif9cOgrco,0,1,Sun Oct 28 20:00:54 +0000 2018
7,1056636949363073024,Analyzing the relationship of Twitter users towards brands (e. g. Air Berlin) https://t.co/TyKd8nwTIw,1,1,Sun Oct 28 20:00:54 +0000 2018
8,1056636472588156930,7 Steps to Build a Data-Driven Culture in your Organization https://t.co/Xfw1jvHqIO,2,2,Sun Oct 28 19:59:01 +0000 2018
9,1056634195336847360,"RT @mdub2829: @JohnCornyn @FreeBeacon @JonnCornyn This is from an article published a week ago about the economics of climate change, and y‚Ä¶",0,225,Sun Oct 28 19:49:58 +0000 2018
10,1056633400927313920,RT @xeni: Don‚Äôt know about you but I woke up ready to fight Nazis and defend my fellow Americans and vote these white supremacist sons of b‚Ä¶,0,277,Sun Oct 28 19:46:48 +0000 2018
11,1056631894710804480,RT @LeslieMac: White Nationalist Who Threatened Stacey Abrams' Campaign Poses for Picture With Brian Kemp https://t.co/bn3NXxtsRp,0,108,Sun Oct 28 19:40:49 +0000 2018
12,1056631567685083136,"RT @ClaraJeffery: Do not work for Fox.
Do not appear on Fox.
Boycott Fox's advertisers.
Do not act as an enabler. 
Make spewing poison have‚Ä¶",0,1057,Sun Oct 28 19:39:31 +0000 2018
13,1056631544335368192,"RT @Lawrence: Steve Bannon's ex-wife said under oath he didn't want his daughters to go to a school because it had too many Jews.
No Bannon‚Ä¶",0,5244,Sun Oct 28 19:39:26 +0000 2018
14,1056629527156219904,RT @alejandracano1: Georgia https://t.co/xK3uMnuyHe,0,13780,Sun Oct 28 19:31:25 +0000 2018
15,1056628570276020224,RT @MotherJones: A GOP congressman met with a group founded by a Nazi‚Äîwhile on a Holocaust memorial trip https://t.co/jPaEqCV9eR https://t.‚Ä¶,0,460,Sun Oct 28 19:27:37 +0000 2018
16,1056627975934767104,RT @washingtonpost: Fact Checker: In an effort to justify holding a campaign rally after 11 people at a synagogue were gunned down in Pitts‚Ä¶,0,682,Sun Oct 28 19:25:15 +0000 2018
17,1056626666301079553,RT @hgoemans: Makes me sick: ''Rabbi David Lau said that ‚Äúany murder of any Jew in any part of the world for being Jewish is unforgivable.‚Äù‚Ä¶,0,4,Sun Oct 28 19:20:03 +0000 2018
18,1056625998446256128,RT @Victor_Asal: Israel's chief rabbi refuses to call Pittsburgh massacre site a synagogue because it's non-Orthodox - Israel News https://‚Ä¶,0,7,Sun Oct 28 19:17:23 +0000 2018
19,1056625814093975552,"RT @teamabrams: #TeamAbrams, @staceyabrams, and @common are leading Souls to the Polls! Get out and VOTE: https://t.co/RnfXUctIio #GAGov #g‚Ä¶",0,135,Sun Oct 28 19:16:39 +0000 2018
20,1056625774420094976,"RT @Yair_Rosenberg: ""Synagogue victims Cecil and David Rosenthal remembered as loving, inseparable"" https://t.co/Py9M5f0vWv",0,29,Sun Oct 28 19:16:30 +0000 2018
21,1056623893350400006,"Join Olivier Blais, Head of Data at Flinks at Accelerate AI in San Francisco, Oct 31 - Nov 1. #AI #ODSC #ODSCWest
https://t.co/AwwiS915Ki https://t.co/kM6ichWmlK",1,0,Sun Oct 28 19:09:01 +0000 2018
22,1056622129897242624,"What pays most: R, Python, or SQL? https://t.co/86CsHViVQT",18,13,Sun Oct 28 19:02:01 +0000 2018
23,1056620866199527424,How to Solve the New $1 Million Kaggle Problem - Home Value Estimates https://t.co/Vr4naGZLz2,3,2,Sun Oct 28 18:57:00 +0000 2018
24,1056619323265937409,"RT @MicheleChabin1: Via someone who knew the two youngest victims: ""Cecil and David Rosenthal, were two developmentally disabled brothers w‚Ä¶",0,21,Sun Oct 28 18:50:52 +0000 2018
25,1056619274339418112,"RT @tsengputterman: Remember when the Trump Administration issued a Holocaust Remembrance Day statement that failed to mention ""Jews"" or ""a‚Ä¶",0,43,Sun Oct 28 18:50:40 +0000 2018
26,1056617176721952771,Essential Math for Data Science https://t.co/StKvtDL0iJ,69,33,Sun Oct 28 18:42:20 +0000 2018
27,1056617047315099649,"RT @BecomingDataSci: How to learn data science if you're broke
https://t.co/syTz9glXSC

h/t @patrickDurusau",0,50,Sun Oct 28 18:41:49 +0000 2018
28,1056614443914674178,Someone put this owl in the planter in front of my house and is it a voodoo curse? https://t.co/zsSNk4gGoG,5,0,Sun Oct 28 18:31:29 +0000 2018
29,1056610976311595008,"RT @Ronald_vanLoon: The Future of #DataScience in One Picture
 by @granvilledsc @DataScienceCtrl @AnalyticBridge @BoozAllen |

Read more he‚Ä¶",0,19,Sun Oct 28 18:17:42 +0000 2018
30,1056610883185532929,"RT @KirkDBorne: A Research #DataScientist Explains #DeepLearning: https://t.co/btd9Bkx60i #abdsc 

#BigData #DataScience #AI #MachineLearni‚Ä¶",0,17,Sun Oct 28 18:17:20 +0000 2018
31,1056610675194134528,RT @schmarzo: At least 21% of #CIOs are confused by #DigitalTransformation! Try these 3 elements of 'Intelligence Transformation' to reengi‚Ä¶,0,13,Sun Oct 28 18:16:30 +0000 2018
32,1056610576820928512,"üö®The Midterms are in 8 days üö®

¬°Vote!

¬°Vote!

¬°Vote!

¬°Vote!

¬°Vote!

¬°Vote!

¬°Vote!

¬°Vote!

¬°Vote!

¬°Vote!

¬°Vote!

¬°Vote!

¬°Vote!

¬°Vote!

¬°Vote!

¬°Vote!

¬°Vote!

¬°Vote!

¬°Vote!

¬°Vote!

¬°Vote!

¬°Vote!

¬°Vote!

¬°Vote!

¬°Vote!

¬°Vote!

¬°Vote!

¬°Vote!

https://t.co/cpxzEChUAR",6,3,Sun Oct 28 18:16:07 +0000 2018
33,1056610544956764161,"RT @KirkDBorne: Prediction at Scale with Scikit-learn and PySpark #Pandas: https://t.co/QF4o7A1hwW #abdsc

#BigData #PredictiveAnalytics #D‚Ä¶",0,16,Sun Oct 28 18:15:59 +0000 2018
34,1056610421271015424,"RT @KirkDBorne: 3 reasons why #Coding (specifically, #Python) Should Become Your Official Corporate Language:
1)Teaches to think and solve‚Ä¶",0,49,Sun Oct 28 18:15:29 +0000 2018
35,1056610350089437184,RT @schmarzo: Single best #Design tool for driving organizational alignment. Period. Prioritization Matrix:  Aligning Business-IT on #BigDa‚Ä¶,0,12,Sun Oct 28 18:15:12 +0000 2018
36,1056610214437212160,RT @KirkDBorne: 29 Statistical Concepts Explained in Simple English - Part 1: https://t.co/DMIDGllR0z #abdsc #BigData #DataScience #DataLit‚Ä¶,0,58,Sun Oct 28 18:14:40 +0000 2018
37,1056608998005313538,"Intel has announced plans to open a joint AI research center in Haifa, Israel. The center will be run in a collaboration between Intel AI Research and Technion ‚Äì Israel Institute of Technology. #ODSC #ODSCWest #AI https://t.co/Xz7KYrYvkB",1,2,Sun Oct 28 18:09:50 +0000 2018
38,1056608573524832256,"Weekly Digest, October 29: https://t.co/XUkx3NMOZ4",4,1,Sun Oct 28 18:08:09 +0000 2018
39,1056605207927259136,"RT @IBMcommunity: #AskaDataScientist: @IBM_Champions @NirKaldero just published #DataScience for Executives, which is #1 on the @Inc top 10‚Ä¶",0,14,Sun Oct 28 17:54:47 +0000 2018
40,1056605102029516800,RT @IBMAnalytics: Join IBM in San Francisco for #Think2019. Early bird rates expire Nov. 16th ‚Äî Register now: https://t.co/6wMSnDeR8y https‚Ä¶,0,15,Sun Oct 28 17:54:21 +0000 2018
41,1056604383922638848,"RT @LisPower1: Hey @FoxNews, while you're covering your ass and pretending to be outraged by people using your network to spread conspiracy‚Ä¶",0,1664,Sun Oct 28 17:51:30 +0000 2018
42,1056604269778882560,"RT @KevinMKruse: In 1860, Lincoln ran on a platform that called for open immigration, called for an easy path to citizenship for those who‚Ä¶",0,1646,Sun Oct 28 17:51:03 +0000 2018
43,1056603908150161408,RT @SarcasmRulz1: If that‚Äôs comfortable üôÑ @YeahItWasSaid https://t.co/ZYyZe5HH3X,0,3,Sun Oct 28 17:49:37 +0000 2018
44,1056603691715686400,RT @Popehat: Looks like Gab has deleted a lot of their old tweets.  Like the time they repeatedly retweeted an adolescent white nationalist‚Ä¶,0,329,Sun Oct 28 17:48:45 +0000 2018
45,1056603610300145664,RT @SwiftOnSecurity: Gab‚Äôs entire ‚Äúneutral free speech‚Äù thing is a scam. The owner is an InfoWars commentator. They retweet antisemitic shi‚Ä¶,0,258,Sun Oct 28 17:48:26 +0000 2018
46,1056603525319258112,"RT @SwiftOnSecurity: Gab is NOT an ‚Äúalternative to Twitter.‚Äù
Everyone there has Twitter accounts, multiple ones. Gab is just where they dum‚Ä¶",0,1068,Sun Oct 28 17:48:05 +0000 2018
47,1056603081519984640,RT @TomSteyer: .@realdonaldtrump just tweeted at me in his typical insulting style after watching @CNNsotu. It is unthinkable that in the m‚Ä¶,0,7660,Sun Oct 28 17:46:20 +0000 2018
48,1056602510410928128,"RT @Weinsteinlaw: This is the 300th day of the year. 

There have been 294 mass shootings in 2018. 

There are 10 days until Election Day.‚Ä¶",0,5648,Sun Oct 28 17:44:03 +0000 2018
49,1056602479868051456,"RT @LatinoUSA: President Trump is preparing to announce a sweeping border crackdown in a speech Tuesday, a week before the midterm election‚Ä¶",0,11,Sun Oct 28 17:43:56 +0000 2018
50,1056601171350044673,"RT @GeeDee215: But the reason you consistently push back on his bullshit at Thanksgiving dinner is not to change his mind, but because the‚Ä¶",0,41,Sun Oct 28 17:38:44 +0000 2018
51,1056600230836297730,AI and the Future of Millennials https://t.co/b4IkqJwyM6,0,2,Sun Oct 28 17:35:00 +0000 2018
52,1056598748778815488,"RT @TheRickWilson: You're also a gleeful swamp of raging anti-semites, alt-right incel cockwombles, slack-jawed Klan dickweeds, and neo- cr‚Ä¶",0,3189,Sun Oct 28 17:29:07 +0000 2018
53,1056598468565774336,Amazing thread with lots of new Russian election data üëá https://t.co/dNa58ZswY9,3,1,Sun Oct 28 17:28:00 +0000 2018
54,1056594797618618368,RT @ClaraJeffery: Tom Steyer was sent a pipe bomb by a Trump supporter... https://t.co/uLxClvLZhV,0,54,Sun Oct 28 17:13:24 +0000 2018
55,1056592977219346433,"RT @mikeydickerson: Facebook, Twitter, and Youtube knew that they were the main vehicles for radicalizing violent terrorists overseas no la‚Ä¶",0,1361,Sun Oct 28 17:06:10 +0000 2018
56,1056592430030602240,A Study of Reddit Politics https://t.co/1xORK8refj,5,1,Sun Oct 28 17:04:00 +0000 2018
57,1056591735885840384,"Machine Learning Explained: Understanding Supervised, Unsupervised &amp; Reinforcement Learning https://t.co/4sN9tmR9AD",7,9,Sun Oct 28 17:01:15 +0000 2018
58,1056591735223189504,Book: Java Deep Learning Essentials https://t.co/hkXTG40i7f,7,4,Sun Oct 28 17:01:14 +0000 2018
59,1056591428732833795,"Get ready for the the most exciting Data Science event event of the fall! @ODSC West 2018 is 3 days TO GO. And you still have a chance to join us in San Francisco, Oct 31- Nov 3. 
Register NOW for FINAL Tickets https://t.co/NOa68TVI7L  
#ODSCWest #DataScience #AI https://t.co/OAcpZQT4SS",1,0,Sun Oct 28 17:00:01 +0000 2018
60,1056589466855333888,RT @eaglesboy2: From deepest Wales to the Malvern Hills! Our new puppy Whisky! #welshsheepdog #bordercollie #puppy üíô‚ù§Ô∏è https://t.co/AzbypZa‚Ä¶,0,1,Sun Oct 28 16:52:14 +0000 2018
61,1056589125422202880,"RT @foxcrusade: Rly missing my doggo rn, here's some pictures of her! She really likes tennis balls #bestdoggo #bordercollie https://t.co/z‚Ä¶",0,2,Sun Oct 28 16:50:52 +0000 2018
62,1056589092484337664,"RT @PiebaldThe: Remember to wrap up warm for your walks üòõ

#patch #dogs #dogsoftwitter #collie #bordercollie #pup #colliesoftwitter #pets #‚Ä¶",0,5,Sun Oct 28 16:50:44 +0000 2018
63,1056587937037529089,RT @existentialfish: And it's not that Meet the Press wasn't aware of all of this. We (@mmfa) sent them an email  asking for comment about‚Ä¶,0,89,Sun Oct 28 16:46:09 +0000 2018
64,1056587136919470080,RT @MSignorile: Rep. Kevin McCarthy Deletes Tweet Singling Out 3 Jews Helping Bankroll Democrats https://t.co/GfXv62aecs via @HuffPostPol,0,19,Sun Oct 28 16:42:58 +0000 2018
65,1056586141569372161,Data Science Summarized in One Picture https://t.co/fLWfofC7Q0,28,12,Sun Oct 28 16:39:01 +0000 2018
66,1056578633668743168,"Join some of the best and brightest in #DataScience at @ODSC West 2018. This is the ideal opportunity to network with thought leaders and professionals across industry. 

Final Tickets Available https://t.co/rzsieZK5Kd    
#ODSCWest https://t.co/EQ2kqLJet8",1,2,Sun Oct 28 16:09:11 +0000 2018
67,1056576417251647489,Full Stack Data Scientist: The Elusive Unicorn and Data Hacker https://t.co/Sdh7P1otIE,40,13,Sun Oct 28 16:00:22 +0000 2018
68,1056576324616241153,Female-founded AND sustainable. WeWork member company @oui_shave is bringing the heat by leaving the (razor) burn behind. https://t.co/AVMqVM6PmY,2,0,Sun Oct 28 16:00:00 +0000 2018
69,1056569035582775296,"Join @ODSC West LiveStream to see our opening Keynotes: Paul Taylor, Andrej Karpathy and Virginia Eubanks on Friday, Nov 2 at 9:30 AM PST @IBMWatson @karpathy @Tesla @PopTechWorks #ODSCWest #AI
https://t.co/qAuyVtRHOa https://t.co/qpVYceRlrr",0,0,Sun Oct 28 15:31:02 +0000 2018
70,1056563666420711426,The Microsoft Infer NET machine learning framework goes open source #MachineLearning #ODSC #ODSCWest https://t.co/6o0tIyRPaU,1,4,Sun Oct 28 15:09:42 +0000 2018
71,1056555693602471936,"Sundays are for self reflection #sundaymorning
üì∏ @CYDPLAYGROUNDS &amp; @PopUpYogaParis https://t.co/pAk5nApJj3",8,0,Sun Oct 28 14:38:01 +0000 2018
72,1056554934513098752,88 Resources &amp; Tools to Become a Data Scientist https://t.co/WWD8Q8UWzi,17,13,Sun Oct 28 14:35:00 +0000 2018
73,1056553677585035264,"Watch the @ODSC West 2018 keynotes and 20+ other sessions with our LIVESTREAM Pass #ODSCWest #AI

https://t.co/71vzQkAVik https://t.co/9Bi4QtFKPz",4,0,Sun Oct 28 14:30:01 +0000 2018
74,1056548410642325504,"Join Ahna Girshick, Ford Garberson, Brianna Schuyler and Marc Smith at @ODSC West in San Francisco, Oct. 31 - Nov. 3. @AhnaGirshick @BriannaSchuyler @marc_smith #ODSCWest #DataScience #ODSC
https://t.co/29flVRSWjF https://t.co/MlcVIZvFZ7",0,0,Sun Oct 28 14:09:05 +0000 2018
75,1056546429961977856,5 Phases To Successfully Complete a Data Science Project https://t.co/EGl9b1H5rI,31,15,Sun Oct 28 14:01:13 +0000 2018
76,1056546429341188098,Sample Job Titles and Salaries for Recently filled Data Science Positions in US https://t.co/fkO5buj50c,6,4,Sun Oct 28 14:01:13 +0000 2018
77,1056518190551973889,"Data science is able to solve problems and answer questions, but it‚Äôs not without its own challenges. When is data really worth it? Are you infringing on privacy? #DataScience #ODSC #ODSCWest https://t.co/eaUubE1tDS",6,4,Sun Oct 28 12:09:00 +0000 2018
78,1056515926017884160,#ICYMI: The top 3 things you need to know about IBM Watson Studio: https://t.co/aHRyzyOjiu #machinelearning #datascience #WatsonStudio,4,4,Sun Oct 28 12:00:00 +0000 2018
79,1056501050474221568,The Top 100 Analytics Startups of 2015 https://t.co/bGPclVL6uK,12,9,Sun Oct 28 11:00:53 +0000 2018
80,1056501044333723648,Is Data Science Ripe for a Massive Merger &amp; Acquisition / Consolidation? https://t.co/GDY3rVV9F8,16,11,Sun Oct 28 11:00:52 +0000 2018
81,1056488004531957760,"This article describes TensorLayer, a modular Python wrapper library for TensorFlow allowing data scientists to streamline the development of complex deep learning systems. #TensorFlow #ODSC #ODSCWest https://t.co/WbnRqtOYk4",35,23,Sun Oct 28 10:09:03 +0000 2018
82,1056472892618227723,"Check out The Amazing, Anti-Jargon, Insight Filled, and Totally Free Handbook to Integrating AI in Highly Regulated Industries, a free handbook that covers the entire breadth of the ‚Äúblack box‚Äù issue #AI #ODSC #ODSCWest  @basistechnology https://t.co/nKwQXqB0Z8",7,4,Sun Oct 28 09:09:00 +0000 2018
83,1056465342300676096,A question and an answer about recoding several factors simultaneously in R. #DataScience #ODSC #ODSCWest https://t.co/MlJNoPpOgK,2,2,Sun Oct 28 08:39:00 +0000 2018
84,1056455680004182016,"Predicting animal adoption with Random Forest, SVM https://t.co/0cr1SKoQz2",12,8,Sun Oct 28 08:00:36 +0000 2018
85,1056455679513366529,Office Politics: A survival guide for data scientists https://t.co/0OgDGx2eOT,10,5,Sun Oct 28 08:00:36 +0000 2018
86,1056424669945839617,RT @JordanUhl: [cake voice] i like a guy with short arms and a looooooong jacket https://t.co/3kRLn9JglQ,0,246,Sun Oct 28 05:57:23 +0000 2018
87,1056410345953206272,"So, How Many ML Models You Have NOT Built? https://t.co/8qUlQLaT2f",15,6,Sun Oct 28 05:00:28 +0000 2018
88,1056410345810604033,Learn under the hood of Gradient Descent algorithm using excel https://t.co/BpRH2Nt67g,13,14,Sun Oct 28 05:00:28 +0000 2018
89,1056408624698814464,"RT @PascaliwagED: @dataandpolitics @SocialSciNerd Anything on political efficacy. Clarke and Acock 1989 : national elections, if your side‚Ä¶",0,1,Sun Oct 28 04:53:37 +0000 2018
90,1056404817671729152,RT @smotus: Steadily all other amendments are sacrificed to the Second.,0,193,Sun Oct 28 04:38:30 +0000 2018
91,1056398574605332480,"RT @AnandWrites: This is what mourners keeping vigil chanted in Squirrel Hill tonight:

Vote.

Vote.

Vote.

Vote.

Vote.

Vote.

Vote.

Vo‚Ä¶",0,4029,Sun Oct 28 04:13:41 +0000 2018
92,1056385610687090688,"Question: Time series hourly data plot, in Python https://t.co/7O9ifza2F2",13,6,Sun Oct 28 03:22:10 +0000 2018
93,1056385065876369408,Quantile Regression in Python https://t.co/0ca949YRRJ,33,8,Sun Oct 28 03:20:01 +0000 2018
94,1056384407651606528,RT @PSchoettmer: @poliscigrl @ADobranic @amyericasmith @dataandpolitics Regardless of who you are actually working for and wherever you are‚Ä¶,0,1,Sun Oct 28 03:17:24 +0000 2018
95,1056382509502541825,"RT @ElectProject: Georgia had another day of 100K+ votes and becomes the 7th state to exceed their 2014 *total* #earlyvote, joining DE, IN,‚Ä¶",0,52,Sun Oct 28 03:09:51 +0000 2018
96,1056382293885968384,"RT @ElectProject: Georgia's African-Americans represented today, adding 37,065 #earlyvote and raising the statewide percentage of African-A‚Ä¶",0,36,Sun Oct 28 03:09:00 +0000 2018
97,1056380322198081537,"RT @tom_s_clark: Almost a month ago, @Delta called me to apologize for a flight disruption and offer to send me $100 in cash as a friendly‚Ä¶",0,1,Sun Oct 28 03:01:10 +0000 2018
98,1056376165177290752,RT @FrankManic: @dataandpolitics And you'll get tons of likes when you post your sticker selfie,0,1,Sun Oct 28 02:44:38 +0000 2018
99,1056374981796360192,RT @EmbryoResist: @dataandpolitics @OldTehanu @darth https://t.co/4EaPMWJUKW,0,1,Sun Oct 28 02:39:56 +0000 2018
100,1056372734593241094,What is Big Data And How Does It Work? https://t.co/9ffLT4Zjla,10,8,Sun Oct 28 02:31:01 +0000 2018
101,1056371476432125952,Data Scientist versus Data Architect https://t.co/qbzSK4cneI,3,1,Sun Oct 28 02:26:01 +0000 2018
102,1056365088167378944,How to pass multiple inputs (features) to LSTM using Tensorflow? https://t.co/SKHnMQLij5,6,7,Sun Oct 28 02:00:37 +0000 2018
103,1056365088083529729,Open Source automated ETL of web-based data sources https://t.co/qwwgLe3QDl,14,7,Sun Oct 28 02:00:37 +0000 2018
104,1056359144775651329,Application of Image Processing and Convolution Networks in Intelligent Character Recognition for Digitized Forms Processing https://t.co/3PoGGrUSkr,13,8,Sun Oct 28 01:37:00 +0000 2018
105,1056356610023612416,RT @stevenstrogatz: A very nice article. Clear and explicit. Includes an excellent treatment of the strict triangle inequality in 2-D hyper‚Ä¶,0,32,Sun Oct 28 01:26:56 +0000 2018
106,1056355490274381824,RT @conormyhrvold: Michelangelo PyML: Introducing #Uber's Platform for Rapid #Python #ML Model Development https://t.co/2mcbPfSN0P via @ube‚Ä¶,0,17,Sun Oct 28 01:22:29 +0000 2018
107,1056341778578763776,An overview of feature selection strategies https://t.co/7yLTMmSnXP,31,18,Sun Oct 28 00:28:00 +0000 2018
108,1056341274926690304,Dome Team Performance in the NFL https://t.co/jwpiGzKKLr,1,4,Sun Oct 28 00:26:00 +0000 2018
109,1056337850734497792,Trump Solves Famous Mathematical Conjecture: https://t.co/48CE3rZWdA,5,5,Sun Oct 28 00:12:24 +0000 2018
110,1056334804608679936,"RT @mirandayaver: Oh come the fuck on, @nytimes. Enough with ""both sides."" When the media and politicians nonviolently critical of the pres‚Ä¶",0,1041,Sun Oct 28 00:00:17 +0000 2018
111,1056328188052279296,"The recent, widespread attention given to knowledge graphs from the research community has helped foment a significant debate among knowledge representation experts: what even is a knowledge graph? #DataScience #ODSC #ODSCWest
https://t.co/VIYT0R4UIM",50,22,Sat Oct 27 23:34:00 +0000 2018
112,1056326681194049536,Using Analytics to Improve Customer Engagement https://t.co/do9R3EAukA,18,6,Sat Oct 27 23:28:01 +0000 2018
113,1056326174404689931,Contingency Tables in R https://t.co/qYRuZGHE0S,28,16,Sat Oct 27 23:26:00 +0000 2018
114,1056323429262012416,RT @stlbf: @dataandpolitics @darth We all need doggo love! Especially on a rotten day like today. https://t.co/cfq7pFSXDT,0,1,Sat Oct 27 23:15:05 +0000 2018
115,1056319822684930048,Apache Spark Introduction ¬ñ A Comprehensive Guide for beginners https://t.co/dIE1cbxCoo,17,5,Sat Oct 27 23:00:45 +0000 2018
116,1056319813948264448,CDO or CAO? https://t.co/jsB4JPkwaD,1,2,Sat Oct 27 23:00:43 +0000 2018
117,1056319634864066560,"Can't make it to @ODSC in San Francisco this year?  Don‚Äôt miss out! Access more than 20 Deep Learning, Machine Learning + other Data Science talks &amp; workshops with your #ODSCWest 2018 LIVESTREAM Pass.
#ODSC  https://t.co/SNvrge398H https://t.co/CaH0FKXaWg",1,0,Sat Oct 27 23:00:01 +0000 2018
118,1056313094337712129,"Join Karthik Ramasamy, Co - Founder at Streamlio at @ODSC West 2018 in #SanFrancisco, Oct 31 - Nov 3.  #ODSC #ODSCWest
@streamlio
https://t.co/BMQ602X2jw https://t.co/XOvCsXWWiA",2,1,Sat Oct 27 22:34:01 +0000 2018
119,1056309062852337667,The Future of IoT and Machine to Machine Payments https://t.co/3eDcJlbzuG,3,4,Sat Oct 27 22:18:00 +0000 2018
120,1056301260478054406,"Our members explain how showcasing their personal style allows them to approach work with confidence and power. @RenttheRunway makes it easy. #weekendreads
https://t.co/6Sh2HyhzEn",4,0,Sat Oct 27 21:47:00 +0000 2018
121,1056300700404080640,RT @ArielTroster: A corgi Halloween parade is exactly as ridiculous as it sounds https://t.co/Om3p96b40c,0,3,Sat Oct 27 21:44:46 +0000 2018
122,1056300494140796928,RT @sgadarian: @VegHistory I‚Äôm on the board of our synagogue and we spend a lot of our budget on  armed security - every week at services a‚Ä¶,0,5,Sat Oct 27 21:43:57 +0000 2018
123,1056298241002758144,Great Github list of public data sets https://t.co/Vg5H3eR7Ux,123,54,Sat Oct 27 21:35:00 +0000 2018
124,1056297988987985920,Deep Lens raises $3.2 million for AI cloud pathology platform #AI #ODSC #ODSCWest https://t.co/atjRCRlf7c,5,5,Sat Oct 27 21:34:00 +0000 2018
125,1056294720710819842,Question: Recommendation System https://t.co/SGvSSzuWZD,3,3,Sat Oct 27 21:21:01 +0000 2018
126,1056286924313374722,"Check out the new additions to the @ODSC West schedule. Unprecedented choice of AI + #DataScience talks, workshops, and trainings for all levels. 

Limited Tickets Remaining https://t.co/aLNkAZl3Qw 
#MachineLearning #ODSCWest https://t.co/3ISLo2sLoc",1,1,Sat Oct 27 20:50:02 +0000 2018
127,1056284652074340352,Six categories of Data Scientists https://t.co/S6T47CQz80,14,6,Sat Oct 27 20:41:00 +0000 2018
128,1056275340312674309,See how Google is applying deep learning to metastatic breast cancer detection #DeepLearning #ODSC #ODSCWest https://t.co/s59p6GyOxV,4,1,Sat Oct 27 20:04:00 +0000 2018
129,1056274562109845505,Silicon Valley Firms Make It Nearly 'Impossible' For Cambridge To Hire AI Staff https://t.co/h2BfUx9Bfm,2,2,Sat Oct 27 20:00:54 +0000 2018
130,1056274561560440834,Developers¬í outlook on modern AI in 2018 https://t.co/MhsYnkVuiI,1,5,Sat Oct 27 20:00:54 +0000 2018
131,1056274085251047424,Question: Measuring Accuracy for a Multiclass Classification Model https://t.co/QsgrgY23UJ,11,5,Sat Oct 27 19:59:01 +0000 2018
132,1056269803508371457,Cross-Validation: Concept and Example in R https://t.co/GyxQuG1WFC,24,7,Sat Oct 27 19:42:00 +0000 2018
133,1056268241444597760,"McGonagall is the world‚Äôs sweetest senior #bordercollie!

She‚Äôs available for adoption at @Muttville in San Francisco! 

@darth @morgfair https://t.co/ak0Omyrjvx",39,17,Sat Oct 27 19:35:47 +0000 2018
134,1056267584721600512,"Get out and seize the Saturday. Learn more about getting there on two wheels.

https://t.co/KdP6x5hNLD https://t.co/8Dfv2R1yb6",38,11,Sat Oct 27 19:33:11 +0000 2018
135,1056258478841438213,Cheat Sheet: Data Visualization with R https://t.co/jylcVkkgpw,64,26,Sat Oct 27 18:57:00 +0000 2018
136,1056255163353255936,"One Trillion Random Digits
https://t.co/9xSbj1TN4a",44,24,Sat Oct 27 18:43:49 +0000 2018
137,1056255060215128065,"The news this morning is terrible. 

Here is Argyle to bring a moment of zen to your timeline. 

@darth #SeniorDog https://t.co/IjA2wZHKkR",37,4,Sat Oct 27 18:43:25 +0000 2018
138,1056253828109164544,"RT @techreview: A controversial artwork created by AI has hauled in $435,000 at auction https://t.co/izEAPt2s4E",0,55,Sat Oct 27 18:38:31 +0000 2018
139,1056253789471195136,"RT @xamat: ""Sorry I didn‚Äôt get that!‚Ää‚Äî‚ÄäHow to understand what your users want (using unsupervised AI)"" by @_langAI https://t.co/KooeMmNsly",0,3,Sat Oct 27 18:38:22 +0000 2018
140,1056253619463471105,RT @fchollet: Nice guide to text classification using Keras: https://t.co/iIh0hY6akM,0,111,Sat Oct 27 18:37:41 +0000 2018
141,1056253306580987904,"RT @seb_ruder: Are you interested in summarization? @tbsflk compiled the results on the most common datasets (CNN/DailyMail, Gigaword, DUC0‚Ä¶",0,59,Sat Oct 27 18:36:27 +0000 2018
142,1056251687348908034,"Join @ODSC West 2018. Only 4 days left before the start of the leading #DataScience event of the year. Join our global community of 4500 attendees &amp; learn, network, and connect. Tickets Available:  https://t.co/fVmNE4sng6    
#ODSC #AI https://t.co/52H1pssVN4",1,0,Sat Oct 27 18:30:01 +0000 2018
143,1056251447216562176,RT @shallow_state: @poliscigrl @ADobranic @amyericasmith @dataandpolitics If you had a strong expectation the voter would support your cand‚Ä¶,0,1,Sat Oct 27 18:29:03 +0000 2018
144,1056250429326217216,10 Big Data Use Cases Everyone Must Read https://t.co/LLUElpqo1d,19,9,Sat Oct 27 18:25:01 +0000 2018
145,1056248103525736448,"RT @Cliff_M85: ""If they had guns"" - Three police officers shot by mad man
""Thoughts and prayers"" - There were plenty of those in the synago‚Ä¶",0,24,Sat Oct 27 18:15:46 +0000 2018
146,1056245531977175041,"According to Dell, these are the 8 key steps for successful AI implementation #AI #ODSC #ODSCWest https://t.co/OQsq8WrPWT",2,1,Sat Oct 27 18:05:33 +0000 2018
147,1056244137828274177,How do you deliver business value to an insurance firm that must balance reducing expenses &amp; giving customers a positive claims experience? Listen in on this Q&amp;A with Irina Saburova &amp; @rosiepongracz to see how Watson Studio can help: https://t.co/iTTyJ1eFle #datascience https://t.co/cdNlboNitD,1,3,Sat Oct 27 18:00:01 +0000 2018
148,1056231805051899907,"https://t.co/jmIhOSZqqZ, Progress Report #2: It works. ‚Äì Monday Note https://t.co/XMAZzahd1k",1,1,Sat Oct 27 17:11:00 +0000 2018
149,1056231060416024576,"RT @happydogs0301: ‰ªäÊó•„ÅÆ„ÅäÂÆ¢Êßòüê∂üêà„ÉØ„ÇØ„ÉÅ„É≥Êé•Á®Æ„Å®„ÅäËÄ≥„ÅÆÊ≤ªÁôÇ„ÅÆ„Åü„ÇÅ„ÅÆÈÄöÈô¢„Åß„Åó„Åüüè•
„Åµ„Åü„Çä„Å®„ÇÇ„ÄÅ„ÅÇ„Å£„Å®„ÅÑ„ÅÜÈñì„Å´Â§ß„Åç„Åè„Å™„Å£„Å¶„Åæ„Åó„ÅüüòÜ„Åì„Çå„Åã„Çâ„ÅåÊ•Ω„Åó„Åø„Åß„Åô„Å≠‚ô•Ô∏è
https://t.co/pxodN1RlTW #„Éö„ÉÉ„Éà„Çø„ÇØ„Ç∑„Éº #„Éö„ÉÉ„Éà„ÅÆÈÄÅËøé #„Éè„ÉÉ„Éî„Éº„Éâ„ÉÉ„Ç∞„Ç∫ #‚Ä¶",0,1,Sat Oct 27 17:08:03 +0000 2018
150,1056230531208142849,RT @ianseren: Attention ! ‚Å¶@ruthwignall‚Å© ‚Å¶@kelseyredmore‚Å© ‚Å¶@ItsYourWales‚Å© #bordercollie https://t.co/0PUiTXUdXX,0,1,Sat Oct 27 17:05:57 +0000 2018
151,1056230464363491333,RT @MarinaRiveraR: Cuando alguien quiere madrugue para aprovechar la ma√±ana de s√°bado. #felizsabado #BorderCollie #misombra https://t.co/uQ‚Ä¶,0,1,Sat Oct 27 17:05:41 +0000 2018
152,1056230042366287872,Top 20 Big Data Experts to Follow (Includes Scoring Algorithm) https://t.co/GaTwMjZKvZ,8,1,Sat Oct 27 17:04:00 +0000 2018
153,1056230037953830913,"RT @northeastguides: After the initial clag and snow, it turned into a cracking day in #Northumberland 
#dogfriendly #bordercollie #Cheviot‚Ä¶",0,2,Sat Oct 27 17:03:59 +0000 2018
154,1056229946538881024,RT @LifeAsACollie: #Sunset at the #Beach #Goldenhour #happydog #BorderCollie #BorderFame https://t.co/TL1kqK9jC8,0,1,Sat Oct 27 17:03:37 +0000 2018
155,1056229378286338049,Graph-based intelligence analysis https://t.co/KObzGSVvF4,13,8,Sat Oct 27 17:01:22 +0000 2018
156,1056229378240249856,"14 Great Articles About Cross-Validation, Model Fitting and Selection https://t.co/cSlQAHjJHK",10,4,Sat Oct 27 17:01:22 +0000 2018
157,1056229094529097728,"Fall‚Äôs most exciting Data Science conference, @ODSC West 2018, is only 4 days away. We have a few remaining ticket left.

Register NOW for our FINAL 58 Tickets: https://t.co/9x87hHbAy4
#ODSCWest #DataScience #AI https://t.co/4VyVK6X68B",3,1,Sat Oct 27 17:00:14 +0000 2018
158,1056226840849743872,Three officers were shot. https://t.co/xak52ENGCt,15,6,Sat Oct 27 16:51:17 +0000 2018
159,1056225712850403328,RT @EricBoehlert: Trump just blamed synagogue,0,924,Sat Oct 27 16:46:48 +0000 2018
160,1056225070266253313,RT @mollycrabapple: This piece of shit murdered Jews because a Jewish group helps refugees and immigrants. Because they protest the Muslim‚Ä¶,0,1801,Sat Oct 27 16:44:15 +0000 2018
161,1056224984274690048,RT @KagroX: Waiting for Trump's call for armed mosques.,0,35,Sat Oct 27 16:43:54 +0000 2018
162,1056223817549266945,RT @rebeccakreitzer: @poliscigrl @emayfarris Party for the Disclosure of Information about an Unborn Baby‚Äôs Genitalia so Family and Friends‚Ä¶,0,2,Sat Oct 27 16:39:16 +0000 2018
163,1056223753410093056,Predicting Car Prices Part 1: Linear Regression https://t.co/Itb6Q1yyp2,17,6,Sat Oct 27 16:39:01 +0000 2018
164,1056223554579062785,"RT @desdemanhattan: Tiroteo en sinagoga de Pittsburgh, √∫ltima hora:
- Asesino bajo custodia tras ser herido por la polic√≠a. Se sabe por aho‚Ä¶",0,21,Sat Oct 27 16:38:13 +0000 2018
165,1056223148364853248,RT @GaryRHeaders: What normally happens when we have guests #Bilbo #BorderCollie #dogsoftwitter https://t.co/7Axqoxb8bU,0,2,Sat Oct 27 16:36:36 +0000 2018
166,1056222723607646209,RT @BoneCanis: One of Mark's sessions from today.  #bordercollie #collie #puppy #dogs https://t.co/DbVo1fm4Rl,0,1,Sat Oct 27 16:34:55 +0000 2018
167,1056222584902021125,RT @bordercolliefc: Cool Tricks with Coco the Border Collie https://t.co/fELW8UN0IS #bordercollie #Dogs #bordercolliefc https://t.co/zVZS7I‚Ä¶,0,3,Sat Oct 27 16:34:22 +0000 2018
168,1056222483576045568,Omg it‚Äôs a witch https://t.co/jJyGc2i0nE,3,0,Sat Oct 27 16:33:58 +0000 2018
169,1056222315602620421,RT @corgicrazytime: The face I wake up to! Love my little Jasper! #BorderCollie https://t.co/qtzVXM9eJc,0,4,Sat Oct 27 16:33:18 +0000 2018
170,1056222159415074816,RT @IBMEmbed: Learn more about #datascience and #deeplearning with presentations from the recent Global Data Science Forum held in Germany‚Ä¶,0,5,Sat Oct 27 16:32:41 +0000 2018
171,1056221203742916608,"RT @mehdirhasan: Let‚Äôs be clear: whoever turns out to have done this shooting in a synagogue, and for whatever motive, the fact is that the‚Ä¶",0,1767,Sat Oct 27 16:28:53 +0000 2018
172,1056220432242622464,RT @juliaioffe: It starts with anti-Semitic trolls and coded language and it ends in violence. Don‚Äôt say I didn‚Äôt warn you. Two and a half‚Ä¶,0,3409,Sat Oct 27 16:25:49 +0000 2018
173,1056214992817668097,"We are almost sold out with only a few days to go until the start of @ODSC West 2018.
FINAL TICKETS Available: https://t.co/0oqrsQVU40  
#ODSCWest #DataScience #AI https://t.co/6To6WqVCx4",1,0,Sat Oct 27 16:04:12 +0000 2018
174,1056214755570966532,"RT @chris_e_larkin: @dataandpolitics Assuming social pressure isn't possible, the next best non-partisan gotv messaging is the idea of grat‚Ä¶",0,1,Sat Oct 27 16:03:15 +0000 2018
175,1056213941272133632,Comparing AI Strategies ‚Äì Systems of Intelligence https://t.co/MSUpviMW0A,6,4,Sat Oct 27 16:00:01 +0000 2018
176,1056210414785171456,How to Treat Missing Values in Your Data https://t.co/XZzcyaQuPj,37,26,Sat Oct 27 15:46:00 +0000 2018
177,1056206389700452352,"Watch the #ODSCWest 2018 Keynotes Daphne Koller, PhD, Carrie Grimes Bostock and Derek Haoyang Li with our LIVESTREAM Pass on Saturday, Nov. 3
@DaphneKoller @coursera @Google
https://t.co/ha9eCS7oOC https://t.co/mX1G9rP98L",1,2,Sat Oct 27 15:30:01 +0000 2018
178,1056200279610286082,"Learn more about some of the leading research centers and institutions around data science, machine learning, and artificial intelligence in Europe. #DataScience #ODSC #ODSCWest https://t.co/YzPq0WyOV7",5,6,Sat Oct 27 15:05:44 +0000 2018
179,1056200006418423808,RT @KirkDBorne: Chart Suggestions ‚Äî a thought-starter for your #DataStorytelling (with a link to the R code for the different visualization‚Ä¶,0,82,Sat Oct 27 15:04:39 +0000 2018
180,1056199463499313154,RT @schmarzo: Sorry if I'm pounding this point too hard but heart of good #DataScience is asking smart questions in order to set the contex‚Ä¶,0,38,Sat Oct 27 15:02:29 +0000 2018
181,1056199429261156353,RT @granvilleDSC: 10 Deep Learning Terms Explained in Simple English https://t.co/P9KeQRrRRn,0,13,Sat Oct 27 15:02:21 +0000 2018
182,1056199387750121474,RT @KirkDBorne: 140 #MachineLearning Formulas for #DataScientists : https://t.co/axS4Pg3fF9 #abdsc #Mathematics #Statistics #BigData #DataS‚Ä¶,0,33,Sat Oct 27 15:02:11 +0000 2018
183,1056199339960193026,RT @granvilleDSC: R and Python cheatsheets https://t.co/eMIDiwmqTv,0,24,Sat Oct 27 15:02:00 +0000 2018
184,1056198837302423557,"In partnership with @hackneycouncil and @DianaAward, we're moving away from the old idea of work placement and helping train the next generation of leaders. #NationalMentoringDay https://t.co/FORPf1WVSc",5,3,Sat Oct 27 15:00:00 +0000 2018
185,1056191290516344833,"Don‚Äôt miss your chance to network with 200+ foremost #MachineLearning &amp; #AI experts and 4,000+ other #DataScience professionals. Learn the latest trends, tools and insights at @ODSC West 2018.

Limited Tickets Remaining: https://t.co/bkT31m1FIG    
#ODSCWest https://t.co/zKdYNgIe5Q",6,5,Sat Oct 27 14:30:01 +0000 2018
186,1056189275216269312,40 Techniques Used by Data Scientists https://t.co/apEVTtGg5p,60,28,Sat Oct 27 14:22:00 +0000 2018
187,1056184804239118341,"Here are just a few of the many extremely insightful topic sessions that will presented at @ODSC Accelerate AI business summit in San Francisco,Oct 31- Nov 3.  https://t.co/yPAWF9RZal
#ODSCWest #AI #ODSC https://t.co/6VdGTafPJh",1,0,Sat Oct 27 14:04:14 +0000 2018
188,1056184251203379200,Book: Mastering Python for Data Science https://t.co/V9U7OgK7op,10,8,Sat Oct 27 14:02:03 +0000 2018
189,1056184229728583680,Basics of Bayesian Decision Theory https://t.co/QcRLjoa27n,60,28,Sat Oct 27 14:01:57 +0000 2018
190,1056179966684078087,"Join ODSC LIVESTREAM &amp; get access to 22 sessions  &amp; 6 keynotes over 2 days
https://t.co/CmPleeRrRm #ODSC #ODSCWest https://t.co/5KSOr6ITMJ",0,1,Sat Oct 27 13:45:01 +0000 2018
191,1056178900601131009,RT @betzibetzner: Just published a beginner's guide ro scala https://t.co/d5nRUmg4NG,0,1,Sat Oct 27 13:40:47 +0000 2018
192,1056178826219319296,"RT @AndiamoHQ: An amazing night with @WeWork @WeWorkUK  and a gorgeous photo of our founders Sam and Naveed with @MiguelMcKelvey, @aplusk,‚Ä¶",0,6,Sat Oct 27 13:40:29 +0000 2018
193,1056177445563445248,"For WeWork members like Jennifer Charles, Director at @BuildngBlockRes, clothing helps with confidence. ""It affects the way people see me, which I then project back to them.‚Äù Here's why we're teaming up with @RenttheRunway to change the future of fashion in the workplace.",13,3,Sat Oct 27 13:35:00 +0000 2018
194,1056170905485881344,Who says you have to leave the office to immerse yourself in nature? üì∑ sailortaylor13 #saturdaymorning https://t.co/huyrcOVYOU,24,3,Sat Oct 27 13:09:01 +0000 2018
195,1056154565131808769,"Win with AI: Insurance company Guidewell looks to get data for AI. #ODSC #ODSCWest
https://t.co/zn4hUovWiD",2,0,Sat Oct 27 12:04:05 +0000 2018
196,1056153542208176128,"Essential math for data science: A curated list including functions, variables, equations, graphs, statistics, linear algebra, calculus, discrete math, optimization, and operation research topics, whew. Check it out here: https://t.co/0JtcPuJ04N via @kdnuggets #datascience https://t.co/E2m2trORG9",12,9,Sat Oct 27 12:00:01 +0000 2018
197,1056138703519825920,The Mathematics of Machine Learning https://t.co/GUBZVT8NUj,104,45,Sat Oct 27 11:01:03 +0000 2018
198,1056138701477240833,75 Big Data Terms To Make Your Dad Proud of You on Father's Day https://t.co/mYEx0wO1jK,13,9,Sat Oct 27 11:01:03 +0000 2018
199,1056124367028002816,"Using AWS DeepLens, you can build a simple face detection application that counts the number of cups of coffee that people drink and displays the tally on a leaderboard. #ODSC #ODSCWest #DataScience https://t.co/RmdZkdwMMh",26,15,Sat Oct 27 10:04:05 +0000 2018
